[
    {
        "State": "Alaska",
        "Juvenile Proportion": 0,
        "YA Proportion": 0,
        "Mature Proportion": 0,
        "Nonfiction Proportion": 100,
        "Top Categories": {
            "Comics & Graphic Novels": 100,
            "Nonfiction": 100,
            "Biography & Memoir": 100,
            "Lgbtq": 100,
            "Biography & Autobiography": 100
        },
        "Total Bans": 1,
        "Unique Bans": 1
    },
    {
        "State": "Arkansas",
        "Juvenile Proportion": 60,
        "YA Proportion": 60,
        "Mature Proportion": 0,
        "Nonfiction Proportion": 60,
        "Top Categories": {
            "Lgbtq": 40,
            "Juvenile Nonfiction": 40,
            "Health & Daily Living": 40,
            "Sexuality & Pregnancy": 40,
            "Science & Nature": 40,
            "Anatomy & Physiology": 40,
            "Social Issues": 40,
            "Emotions & Feelings": 40,
            "Young Adult Fiction": 40,
            "Young Adult Nonfiction": 20,
            "Biography & Autobiography": 20,
            "Cultural, Ethnic & Regional": 20,
            "Boys & Men": 20,
            "Social Themes": 20,
            "Dating & Sex": 20,
            "Romance": 20,
            "Friendship": 20,
            "Contemporary": 20,
            "Coming Of Age": 20,
            "Family": 20,
            "Novels In Verse": 20,
            "Juvenile Fiction": 20,
            "Love & Romance": 20
        },
        "Total Bans": 5,
        "Unique Bans": 4
    },
    {
        "State": "California",
        "Juvenile Proportion": 0,
        "YA Proportion": 100,
        "Mature Proportion": 0,
        "Nonfiction Proportion": 100,
        "Top Categories": {
            "Young Adult Nonfiction": 100,
            "Lgbtq": 100,
            "Social Topics": 100,
            "Dating & Sex": 100,
            "Humor": 100
        },
        "Total Bans": 1,
        "Unique Bans": 1
    },
    {
        "State": "Colorado",
        "Juvenile Proportion": 25,
        "YA Proportion": 37,
        "Mature Proportion": 12,
        "Nonfiction Proportion": 37,
        "Top Categories": {
            "Coming Of Age": 37,
            "Comics & Graphic Novels": 37,
            "Fiction": 25,
            "African American & Black": 25,
            "Young Adult Fiction": 25,
            "Lgbtq": 25,
            "Biography & Autobiography": 25,
            "Juvenile Fiction": 25,
            "Women": 25,
            "Literary": 12,
            "Nonfiction": 12,
            "Biography & Memoir": 12,
            "Social Themes": 12,
            "Emotions & Feelings": 12,
            "Sexual Abuse": 12,
            "Family": 12,
            "Young Adult Nonfiction": 12,
            "Social Topics": 12,
            "History": 12,
            "Literary Figures": 12,
            "Editors, Journalists, Publishers": 12,
            "Personal Memoirs": 12,
            "Law": 12,
            "Legal History": 12,
            "Social Science": 12,
            "Women'S Studies": 12,
            "True Crime": 12,
            "Sexual Assault": 12,
            "Urban & Street Lit": 12,
            "Action & Adventure": 12,
            "Juvenile Nonfiction": 12,
            "School & Education": 12
        },
        "Total Bans": 8,
        "Unique Bans": 8
    },
    {
        "State": "Florida",
        "Juvenile Proportion": 45,
        "YA Proportion": 39,
        "Mature Proportion": 3,
        "Nonfiction Proportion": 19,
        "Top Categories": {
            "Social Themes": 38,
            "Young Adult Fiction": 35,
            "Juvenile Fiction": 34,
            "Fiction": 19,
            "Romance": 16,
            "Family": 16,
            "Juvenile Nonfiction": 15,
            "Lgbtq": 15,
            "People & Places": 14,
            "United States": 12,
            "Friendship": 11
        },
        "Total Bans": 1972,
        "Unique Bans": 1065
    },
    {
        "State": "Georgia",
        "Juvenile Proportion": 37,
        "YA Proportion": 55,
        "Mature Proportion": 3,
        "Nonfiction Proportion": 11,
        "Top Categories": {
            "Young Adult Fiction": 51,
            "Social Themes": 48,
            "Fiction": 29,
            "Juvenile Fiction": 29,
            "Family": 25,
            "Lgbtq": 18,
            "Friendship": 18,
            "Romance": 18,
            "Juvenile Nonfiction": 18,
            "United States": 18,
            "Literary": 18,
            "Coming Of Age": 14,
            "School & Education": 14,
            "Dating & Sex": 14,
            "People & Places": 14,
            "Love & Romance": 14,
            "Stories In Verse": 11,
            "African American & Black": 11,
            "Historical": 11,
            "Girls & Women": 11,
            "Dating & Relationships": 11
        },
        "Total Bans": 27,
        "Unique Bans": 27
    },
    {
        "State": "Idaho",
        "Juvenile Proportion": 41,
        "YA Proportion": 49,
        "Mature Proportion": 5,
        "Nonfiction Proportion": 25,
        "Top Categories": {
            "Social Themes": 43,
            "Young Adult Fiction": 41,
            "Juvenile Fiction": 29,
            "Fiction": 27,
            "Lgbtq": 23,
            "Literary": 19,
            "Friendship": 19,
            "Dating & Sex": 17,
            "Romance": 15,
            "Juvenile Nonfiction": 15,
            "Sexual Abuse": 11,
            "Coming Of Age": 11
        },
        "Total Bans": 51,
        "Unique Bans": 43
    },
    {
        "State": "Illinois",
        "Juvenile Proportion": 0,
        "YA Proportion": 0,
        "Mature Proportion": 0,
        "Nonfiction Proportion": 60,
        "Top Categories": {
            "Comics & Graphic Novels": 80,
            "Nonfiction": 60,
            "Biography & Memoir": 60,
            "Lgbtq": 60,
            "Biography & Autobiography": 60,
            "Fiction": 40,
            "Science Fiction": 20,
            "Action & Adventure": 20,
            "Media Tie-In": 20
        },
        "Total Bans": 5,
        "Unique Bans": 3
    },
    {
        "State": "Indiana",
        "Juvenile Proportion": 38,
        "YA Proportion": 76,
        "Mature Proportion": 9,
        "Nonfiction Proportion": 14,
        "Top Categories": {
            "Social Themes": 71,
            "Young Adult Fiction": 66,
            "Romance": 38,
            "Family": 23,
            "Juvenile Fiction": 23,
            "Emotions & Feelings": 23,
            "Friendship": 23,
            "Juvenile Nonfiction": 23,
            "Social Topics": 19,
            "Dating & Sex": 19,
            "Girls & Women": 19,
            "Self-Esteem & Self-Reliance": 19,
            "Prejudice & Racism": 14,
            "United States": 14,
            "Lgbtq": 14,
            "Fantasy": 14,
            "Contemporary": 14
        },
        "Total Bans": 21,
        "Unique Bans": 19
    },
    {
        "State": "Iowa",
        "Juvenile Proportion": 35,
        "YA Proportion": 42,
        "Mature Proportion": 0,
        "Nonfiction Proportion": 50,
        "Top Categories": {
            "Lgbtq": 35,
            "Biography & Autobiography": 28,
            "Juvenile Fiction": 28,
            "Young Adult Nonfiction": 21,
            "Young Adult Fiction": 21,
            "Social Themes": 21,
            "School & Education": 21,
            "Juvenile Nonfiction": 21,
            "Comics & Graphic Novels": 14,
            "Nonfiction": 14,
            "Biography & Memoir": 14,
            "Coming Of Age": 14,
            "Humorous": 14,
            "Sexual Abuse": 14,
            "Poverty & Homelessness": 14,
            "Action & Adventure": 14,
            "Social Topics": 14,
            "Dating & Sex": 14,
            "Humor": 14
        },
        "Total Bans": 14,
        "Unique Bans": 11
    },
    {
        "State": "Kansas",
        "Juvenile Proportion": 21,
        "YA Proportion": 45,
        "Mature Proportion": 2,
        "Nonfiction Proportion": 27,
        "Top Categories": {
            "Social Themes": 35,
            "Young Adult Fiction": 32,
            "Fiction": 29,
            "Lgbtq": 18,
            "Juvenile Fiction": 18,
            "Emotions & Feelings": 18,
            "Romance": 16,
            "Social Topics": 16,
            "Dating & Sex": 16,
            "Young Adult Nonfiction": 13,
            "Prejudice & Racism": 13,
            "Juvenile Nonfiction": 13
        },
        "Total Bans": 37,
        "Unique Bans": 36
    },
    {
        "State": "Kentucky",
        "Juvenile Proportion": 33,
        "YA Proportion": 66,
        "Mature Proportion": 0,
        "Nonfiction Proportion": 33,
        "Top Categories": {
            "Young Adult Fiction": 66,
            "Biography & Autobiography": 33,
            "Literary Figures": 33,
            "Women": 33,
            "Editors, Journalists, Publishers": 33,
            "Personal Memoirs": 33,
            "Law": 33,
            "Legal History": 33,
            "Social Science": 33,
            "Women'S Studies": 33,
            "True Crime": 33,
            "Sexual Assault": 33,
            "Social Themes": 33,
            "Prejudice & Racism": 33,
            "Romance": 33,
            "Historical": 33,
            "United States": 33,
            "20Th Century": 33,
            "Coming Of Age": 33,
            "Family": 33,
            "Novels In Verse": 33,
            "Juvenile Fiction": 33,
            "Love & Romance": 33
        },
        "Total Bans": 3,
        "Unique Bans": 3
    },
    {
        "State": "Maine",
        "Juvenile Proportion": 14,
        "YA Proportion": 28,
        "Mature Proportion": 14,
        "Nonfiction Proportion": 50,
        "Top Categories": {
            "Comics & Graphic Novels": 35,
            "Biography & Autobiography": 35,
            "Nonfiction": 28,
            "Biography & Memoir": 28,
            "Lgbtq": 28,
            "Fiction": 28,
            "Juvenile Fiction": 14,
            "Animals": 14,
            "Family": 14,
            "Social Themes": 14,
            "Young Adult Fiction": 14,
            "Romance": 14,
            "Young Adult Nonfiction": 14,
            "Social Topics": 14,
            "Women": 14
        },
        "Total Bans": 14,
        "Unique Bans": 11
    },
    {
        "State": "Maryland",
        "Juvenile Proportion": 0,
        "YA Proportion": 100,
        "Mature Proportion": 0,
        "Nonfiction Proportion": 100,
        "Top Categories": {
            "Young Adult Nonfiction": 100,
            "Lgbtq": 100,
            "Biography & Autobiography": 100,
            "Cultural, Ethnic & Regional": 100,
            "Boys & Men": 100
        },
        "Total Bans": 1,
        "Unique Bans": 1
    },
    {
        "State": "Massachusetts",
        "Juvenile Proportion": 0,
        "YA Proportion": 100,
        "Mature Proportion": 0,
        "Nonfiction Proportion": 100,
        "Top Categories": {
            "Young Adult Nonfiction": 100,
            "Lgbtq": 100,
            "Social Topics": 100,
            "Dating & Sex": 100,
            "Humor": 100
        },
        "Total Bans": 1,
        "Unique Bans": 1
    },
    {
        "State": "Michigan",
        "Juvenile Proportion": 23,
        "YA Proportion": 51,
        "Mature Proportion": 3,
        "Nonfiction Proportion": 18,
        "Top Categories": {
            "Young Adult Fiction": 46,
            "Social Themes": 41,
            "Fiction": 31,
            "Juvenile Fiction": 23,
            "Coming Of Age": 22,
            "Lgbtq": 18,
            "Romance": 17,
            "Friendship": 16,
            "Biography & Autobiography": 11,
            "Literary": 11,
            "Women": 11
        },
        "Total Bans": 80,
        "Unique Bans": 65
    },
    {
        "State": "Minnesota",
        "Juvenile Proportion": 0,
        "YA Proportion": 0,
        "Mature Proportion": 50,
        "Nonfiction Proportion": 0,
        "Top Categories": {
            "Fiction": 100,
            "Romance": 50,
            "New Adult": 50,
            "Lgbt": 50,
            "Gay": 50,
            "Contemporary": 50,
            "Coming Of Age": 50,
            "Humorous": 50,
            "Family Life": 50
        },
        "Total Bans": 2,
        "Unique Bans": 2
    },
    {
        "State": "Mississippi",
        "Juvenile Proportion": 31,
        "YA Proportion": 72,
        "Mature Proportion": 0,
        "Nonfiction Proportion": 13,
        "Top Categories": {
            "Young Adult Fiction": 59,
            "Social Themes": 54,
            "United States": 31,
            "People & Places": 27,
            "African American & Black": 27,
            "Juvenile Fiction": 22,
            "Prejudice & Racism": 18,
            "Violence": 18,
            "Fiction": 18,
            "Romance": 18,
            "School & Education": 13,
            "Coming Of Age": 13,
            "Young Adult Nonfiction": 13,
            "Contemporary": 13,
            "Juvenile Nonfiction": 13
        },
        "Total Bans": 22,
        "Unique Bans": 22
    },
    {
        "State": "Missouri",
        "Juvenile Proportion": 13,
        "YA Proportion": 15,
        "Mature Proportion": 6,
        "Nonfiction Proportion": 66,
        "Top Categories": {
            "Comics & Graphic Novels": 53,
            "Art": 20,
            "History": 19,
            "Fiction": 15,
            "Literary": 15,
            "Biography & Autobiography": 13
        },
        "Total Bans": 360,
        "Unique Bans": 295
    },
    {
        "State": "Nebraska",
        "Juvenile Proportion": 33,
        "YA Proportion": 33,
        "Mature Proportion": 16,
        "Nonfiction Proportion": 0,
        "Top Categories": {
            "Social Themes": 50,
            "Fiction": 50,
            "Juvenile Fiction": 33,
            "Young Adult Fiction": 33,
            "Friendship": 33,
            "Juvenile Nonfiction": 16,
            "Social Topics": 16,
            "Drugs, Alcohol, Substance Abuse": 16,
            "Family": 16,
            "School & Education": 16,
            "Stories In Verse": 16,
            "Parents": 16,
            "Dating & Sex": 16,
            "Pregnancy": 16,
            "Death, Grief, Bereavement": 16,
            "Self-Esteem & Self-Reliance": 16,
            "Bullying": 16,
            "Lgbtq": 16,
            "Romance": 16,
            "Lgbt": 16,
            "Gay": 16,
            "Romantic Comedy": 16,
            "Literary": 16,
            "Satire": 16,
            "War & Military": 16,
            "Media Tie-In": 16
        },
        "Total Bans": 6,
        "Unique Bans": 6
    },
    {
        "State": "New Hampshire",
        "Juvenile Proportion": 0,
        "YA Proportion": 100,
        "Mature Proportion": 0,
        "Nonfiction Proportion": 100,
        "Top Categories": {
            "Young Adult Nonfiction": 100,
            "Health & Daily Living": 100,
            "Social Topics": 100,
            "Eating Disorders & Body Image": 100,
            "Diseases, Illnesses & Injuries": 100
        },
        "Total Bans": 1,
        "Unique Bans": 1
    },
    {
        "State": "New Jersey",
        "Juvenile Proportion": 50,
        "YA Proportion": 50,
        "Mature Proportion": 16,
        "Nonfiction Proportion": 50,
        "Top Categories": {
            "Social Topics": 50,
            "Young Adult Nonfiction": 33,
            "Comics & Graphic Novels": 33,
            "History": 33,
            "Juvenile Fiction": 33,
            "Social Themes": 33,
            "African American & Black": 33,
            "Prejudice & Racism": 33,
            "Biography": 16,
            "Emigration & Immigration": 16,
            "Art": 16,
            "Cartooning": 16,
            "Biography & Autobiography": 16,
            "Women": 16,
            "Family": 16,
            "Parents": 16,
            "Mysteries & Detective Stories": 16,
            "Young Adult Fiction": 16,
            "Lifestyles": 16,
            "City & Town Life": 16,
            "Friendship": 16,
            "Sports & Recreation": 16,
            "Basketball": 16,
            "People & Places": 16,
            "United States": 16,
            "Historical": 16,
            "20Th Century": 16,
            "Violence": 16,
            "Juvenile Nonfiction": 16,
            "Diversity & Multicultural": 16,
            "Activism & Social Justice": 16,
            "Fiction": 16,
            "Literary": 16,
            "Coming Of Age": 16
        },
        "Total Bans": 6,
        "Unique Bans": 6
    },
    {
        "State": "New York",
        "Juvenile Proportion": 10,
        "YA Proportion": 47,
        "Mature Proportion": 0,
        "Nonfiction Proportion": 42,
        "Top Categories": {
            "Young Adult Fiction": 36,
            "Social Themes": 31,
            "Lgbtq": 31,
            "Biography & Autobiography": 26,
            "Prejudice & Racism": 21,
            "United States": 21,
            "Comics & Graphic Novels": 21,
            "Nonfiction": 21,
            "Biography & Memoir": 21,
            "Fiction": 21,
            "People & Places": 15,
            "African American & Black": 15,
            "Coming Of Age": 15
        },
        "Total Bans": 19,
        "Unique Bans": 14
    },
    {
        "State": "North Carolina",
        "Juvenile Proportion": 27,
        "YA Proportion": 59,
        "Mature Proportion": 5,
        "Nonfiction Proportion": 10,
        "Top Categories": {
            "Social Themes": 59,
            "Young Adult Fiction": 54,
            "Fiction": 25,
            "Juvenile Fiction": 25,
            "Friendship": 21,
            "Romance": 20,
            "Lgbtq": 17,
            "United States": 17,
            "Family": 14,
            "People & Places": 13,
            "Prejudice & Racism": 12,
            "Historical": 12,
            "African American & Black": 12,
            "Literary": 12
        },
        "Total Bans": 74,
        "Unique Bans": 66
    },
    {
        "State": "North Dakota",
        "Juvenile Proportion": 37,
        "YA Proportion": 62,
        "Mature Proportion": 0,
        "Nonfiction Proportion": 3,
        "Top Categories": {
            "Social Themes": 70,
            "Young Adult Fiction": 62,
            "Fiction": 33,
            "Juvenile Fiction": 33,
            "Romance": 25,
            "Contemporary": 22,
            "Family": 22,
            "Friendship": 22,
            "Fantasy": 18,
            "Epic": 18,
            "Dating & Sex": 18,
            "Sexual Abuse": 18,
            "Violence": 11,
            "School & Education": 11,
            "Literary": 11,
            "Siblings": 11,
            "Death, Grief, Bereavement": 11,
            "Emotions & Feelings": 11
        },
        "Total Bans": 27,
        "Unique Bans": 27
    },
    {
        "State": "Ohio",
        "Juvenile Proportion": 0,
        "YA Proportion": 0,
        "Mature Proportion": 0,
        "Nonfiction Proportion": 75,
        "Top Categories": {
            "Comics & Graphic Novels": 50,
            "Games & Activities": 25,
            "Guided Journals": 25,
            "Language Arts & Disciplines": 25,
            "Writing": 25,
            "Social Science": 25,
            "Popular Culture": 25,
            "Manga": 25,
            "Romance": 25,
            "Crime & Mystery": 25,
            "School Life": 25,
            "Nonfiction": 25,
            "Biography & Memoir": 25,
            "Lgbtq": 25,
            "Biography & Autobiography": 25,
            "Fiction": 25,
            "Coming Of Age": 25,
            "Humorous": 25,
            "Family Life": 25
        },
        "Total Bans": 4,
        "Unique Bans": 4
    },
    {
        "State": "Oklahoma",
        "Juvenile Proportion": 20,
        "YA Proportion": 53,
        "Mature Proportion": 0,
        "Nonfiction Proportion": 17,
        "Top Categories": {
            "Young Adult Fiction": 51,
            "Social Themes": 42,
            "Fiction": 20,
            "Juvenile Fiction": 20,
            "Coming Of Age": 17,
            "Family": 15,
            "Dating & Sex": 13,
            "Friendship": 13,
            "Biography & Autobiography": 13,
            "Fantasy": 11,
            "Romance": 11,
            "African American & Black": 11,
            "Emotions & Feelings": 11,
            "Classics": 11,
            "Lgbtq": 11
        },
        "Total Bans": 45,
        "Unique Bans": 43
    },
    {
        "State": "Oregon",
        "Juvenile Proportion": 17,
        "YA Proportion": 48,
        "Mature Proportion": 2,
        "Nonfiction Proportion": 12,
        "Top Categories": {
            "Young Adult Fiction": 48,
            "Social Themes": 46,
            "Fiction": 33,
            "Romance": 28,
            "Literary": 17,
            "Dating & Sex": 17,
            "Fantasy": 15,
            "Juvenile Fiction": 15,
            "Comics & Graphic Novels": 15,
            "Friendship": 15,
            "Epic": 12,
            "Coming Of Age": 12
        },
        "Total Bans": 39,
        "Unique Bans": 37
    },
    {
        "State": "Pennsylvania",
        "Juvenile Proportion": 66,
        "YA Proportion": 14,
        "Mature Proportion": 1,
        "Nonfiction Proportion": 31,
        "Top Categories": {
            "Juvenile Fiction": 50,
            "Social Themes": 32,
            "People & Places": 30,
            "United States": 28,
            "Family": 20,
            "Juvenile Nonfiction": 19,
            "Biography & Autobiography": 16,
            "African American & Black": 15,
            "Friendship": 12,
            "Young Adult Fiction": 12
        },
        "Total Bans": 644,
        "Unique Bans": 618
    },
    {
        "State": "Rhode Island",
        "Juvenile Proportion": 0,
        "YA Proportion": 0,
        "Mature Proportion": 0,
        "Nonfiction Proportion": 100,
        "Top Categories": {
            "Art": 100,
            "Techniques": 100,
            "Cartooning": 100,
            "Biography & Autobiography": 100,
            "Personal Memoirs": 100,
            "Lgbtq": 100,
            "Comics & Graphic Novels": 100,
            "Literary": 100,
            "Nonfiction": 100,
            "Biography & Memoir": 100,
            "Humorous": 100,
            "Psychology": 100,
            "Developmental": 100,
            "Child": 100
        },
        "Total Bans": 1,
        "Unique Bans": 1
    },
    {
        "State": "South Carolina",
        "Juvenile Proportion": 28,
        "YA Proportion": 60,
        "Mature Proportion": 3,
        "Nonfiction Proportion": 10,
        "Top Categories": {
            "Young Adult Fiction": 57,
            "Social Themes": 57,
            "Romance": 28,
            "Juvenile Fiction": 28,
            "Fiction": 23,
            "Dating & Sex": 20,
            "Lgbtq": 19,
            "Family": 17,
            "People & Places": 16,
            "United States": 16,
            "Contemporary": 14,
            "Coming Of Age": 14,
            "Friendship": 12,
            "Drugs, Alcohol, Substance Abuse": 11
        },
        "Total Bans": 128,
        "Unique Bans": 110
    },
    {
        "State": "South Dakota",
        "Juvenile Proportion": 28,
        "YA Proportion": 28,
        "Mature Proportion": 14,
        "Nonfiction Proportion": 28,
        "Top Categories": {
            "Literary": 71,
            "Fiction": 71,
            "Biography & Autobiography": 28,
            "Personal Memoirs": 28,
            "Women": 28,
            "African American & Black": 28,
            "Family Life": 28,
            "Classics": 28,
            "Media Tie-In": 28,
            "Coming Of Age": 28,
            "Juvenile Fiction": 28,
            "School & Education": 28,
            "Social Themes": 28,
            "Emotions & Feelings": 28,
            "Friendship": 28,
            "Young Adult Fiction": 28,
            "Art": 14,
            "Techniques": 14,
            "Cartooning": 14,
            "Lgbtq": 14,
            "Comics & Graphic Novels": 14,
            "Nonfiction": 14,
            "Biography & Memoir": 14,
            "Humorous": 14,
            "Psychology": 14,
            "Developmental": 14,
            "Child": 14,
            "Lgbtq+": 14,
            "Lesbian": 14,
            "Transgender": 14,
            "Thrillers": 14,
            "Technological": 14,
            "Dystopian": 14,
            "Literary Figures": 14,
            "Editors, Journalists, Publishers": 14,
            "Family & Relationships": 14,
            "Dysfunctional Families": 14,
            "Self-Help": 14,
            "Adult Children Of Substance Abusers": 14,
            "Social Science": 14,
            "Poverty & Homelessness": 14
        },
        "Total Bans": 7,
        "Unique Bans": 6
    },
    {
        "State": "Tennessee",
        "Juvenile Proportion": 20,
        "YA Proportion": 78,
        "Mature Proportion": 3,
        "Nonfiction Proportion": 18,
        "Top Categories": {
            "Young Adult Fiction": 69,
            "Lgbtq": 59,
            "Romance": 38,
            "Social Themes": 37,
            "Juvenile Fiction": 17,
            "Fantasy": 16,
            "Family": 13,
            "Friendship": 12,
            "Coming Of Age": 11
        },
        "Total Bans": 359,
        "Unique Bans": 355
    },
    {
        "State": "Texas",
        "Juvenile Proportion": 40,
        "YA Proportion": 56,
        "Mature Proportion": 4,
        "Nonfiction Proportion": 22,
        "Top Categories": {
            "Young Adult Fiction": 49,
            "Social Themes": 43,
            "Juvenile Fiction": 32,
            "Lgbtq": 29,
            "Romance": 21,
            "Family": 15,
            "Friendship": 14,
            "Dating & Sex": 12,
            "Juvenile Nonfiction": 12,
            "Comics & Graphic Novels": 11
        },
        "Total Bans": 1425,
        "Unique Bans": 1002
    },
    {
        "State": "Utah",
        "Juvenile Proportion": 25,
        "YA Proportion": 49,
        "Mature Proportion": 5,
        "Nonfiction Proportion": 12,
        "Top Categories": {
            "Young Adult Fiction": 45,
            "Social Themes": 41,
            "Fiction": 37,
            "Romance": 26,
            "Juvenile Fiction": 22,
            "Coming Of Age": 15,
            "Fantasy": 15,
            "Literary": 15,
            "Dating & Sex": 13,
            "Epic": 12,
            "Friendship": 12,
            "Family": 12,
            "Contemporary": 11
        },
        "Total Bans": 293,
        "Unique Bans": 146
    },
    {
        "State": "Vermont",
        "Juvenile Proportion": 0,
        "YA Proportion": 0,
        "Mature Proportion": 0,
        "Nonfiction Proportion": 100,
        "Top Categories": {
            "Biography & Autobiography": 100,
            "Comics & Graphic Novels": 100,
            "Nonfiction": 100,
            "Biography & Memoir": 100,
            "Lgbtq": 100,
            "Psychology": 100,
            "Human Sexuality": 100,
            "Self-Help": 100,
            "Anxieties & Phobias": 100,
            "Social Science": 100,
            "Lgbtq+ Studies": 100,
            "Lesbian Studies": 100
        },
        "Total Bans": 1,
        "Unique Bans": 1
    },
    {
        "State": "Virginia",
        "Juvenile Proportion": 22,
        "YA Proportion": 48,
        "Mature Proportion": 6,
        "Nonfiction Proportion": 18,
        "Top Categories": {
            "Young Adult Fiction": 43,
            "Social Themes": 37,
            "Fiction": 32,
            "Romance": 25,
            "Literary": 21,
            "Juvenile Fiction": 21,
            "Coming Of Age": 19,
            "Lgbtq": 15,
            "Sexual Abuse": 13,
            "Friendship": 12,
            "Fantasy": 11,
            "Family": 11
        },
        "Total Bans": 94,
        "Unique Bans": 74
    },
    {
        "State": "Washington",
        "Juvenile Proportion": 40,
        "YA Proportion": 60,
        "Mature Proportion": 0,
        "Nonfiction Proportion": 60,
        "Top Categories": {
            "Lgbtq": 100,
            "Biography & Autobiography": 60,
            "Comics & Graphic Novels": 40,
            "Nonfiction": 40,
            "Biography & Memoir": 40,
            "Juvenile Fiction": 40,
            "Love & Romance": 40,
            "Young Adult Fiction": 40,
            "Romance": 40,
            "Young Adult Nonfiction": 20,
            "Cultural, Ethnic & Regional": 20,
            "Boys & Men": 20,
            "Social Themes": 20,
            "Bullying": 20,
            "Dating & Sex": 20,
            "Thrillers & Suspense": 20,
            "Action & Adventure": 20
        },
        "Total Bans": 5,
        "Unique Bans": 4
    },
    {
        "State": "West Virginia",
        "Juvenile Proportion": 50,
        "YA Proportion": 50,
        "Mature Proportion": 100,
        "Nonfiction Proportion": 100,
        "Top Categories": {
            "Juvenile Nonfiction": 50,
            "Health & Daily Living": 50,
            "Maturing": 50,
            "Science & Nature": 50,
            "Anatomy & Physiology": 50,
            "Young Adult Nonfiction": 50,
            "Comics & Graphic Novels": 50,
            "Social Topics": 50,
            "History": 50
        },
        "Total Bans": 2,
        "Unique Bans": 2
    },
    {
        "State": "Wisconsin",
        "Juvenile Proportion": 26,
        "YA Proportion": 47,
        "Mature Proportion": 11,
        "Nonfiction Proportion": 30,
        "Top Categories": {
            "Young Adult Fiction": 37,
            "Romance": 29,
            "Social Themes": 25,
            "Fiction": 23,
            "Juvenile Fiction": 19,
            "Coming Of Age": 18,
            "Lgbtq": 16,
            "Family": 13,
            "Dating & Sex": 12,
            "Fantasy": 11,
            "Epic": 11,
            "Biography & Autobiography": 11,
            "Comics & Graphic Novels": 11,
            "United States": 11,
            "Social Topics": 11,
            "Literary": 11
        },
        "Total Bans": 72,
        "Unique Bans": 67
    },
    {
        "State": "Wyoming",
        "Juvenile Proportion": 33,
        "YA Proportion": 66,
        "Mature Proportion": 6,
        "Nonfiction Proportion": 13,
        "Top Categories": {
            "Young Adult Fiction": 66,
            "Social Themes": 60,
            "Juvenile Fiction": 33,
            "Dating & Sex": 26,
            "Family": 26,
            "Romance": 20,
            "Drugs, Alcohol, Substance Abuse": 20,
            "Parents": 20,
            "Fiction": 20,
            "Women": 20,
            "Juvenile Nonfiction": 13,
            "Social Topics": 13,
            "School & Education": 13,
            "Stories In Verse": 13,
            "Pregnancy": 13,
            "Coming Of Age": 13,
            "Novels In Verse": 13,
            "Sexual Abuse": 13
        },
        "Total Bans": 15,
        "Unique Bans": 14
    }
]